424694,Bohemian Rhapsody
480530,Creed II
450465,Glass
504172,The Mule
332562,A Star Is Born
446807,The Girl in the Spider's Web
568709,Preman Pensiun
405774,Bird Box
369972,First Man
426426,Roma
375262,The Favourite
429197,Vice
433249,IO
487558,BlacKkKlansman
505954,T-34
451915,Beautiful Boy
484247,A Simple Favor
337167,Fifty Shades Freed
440626,Sobibor
490132,Green Book
281957,The Revenant
401469,Widows
438808,White Boy Rick
489999,Searching
440161,The Sisters Brothers
399360,Alpha
210577,Gone Girl
462391,Aan Devathai
398173,The House That Jack Built
446021,Bad Times at the El Royale
458594,Peppermint
315635,Spider-Man: Homecoming
470044,The Hate U Give
537996,The Ballad of Buster Scruggs
447332,A Quiet Place
196867,Annie
311291,45 Years
340613,The Wife
569547,Black Mirror: Bandersnatch
263115,Logan
407436,Mowgli: Legend of the Jungle
452832,Serenity
554733,Orang Kaya Baru
157336,Interstellar
466411,Speed Kills
194662,Birdman
440298,Cold War
449459,The Vanishing
440472,The Upside
361292,Suspiria
400535,Sicario: Day of the Soldado
520360,King of Thieves
500475,SuperFly
150689,Cinderella
474354,22 July
216015,Fifty Shades of Grey
446101,Assassination Nation
242582,Nightcrawler
244786,Whiplash
316029,The Greatest Showman
455207,Crazy Rich Asians
515818,Yao
490447,Savage
419407,Astral
205596,The Imitation Game
472451,Boy Erased
150540,Inside Out
399055,The Shape of Water
516630,The Standoff at Sparrow Creek
119450,Dawn of the Planet of the Apes
516259,BEEF: Russian Hip-Hop
390874,Ashes in the Snow
489930,Blindspotting
474764,The Lodge
261470,Sorry If I Call You Love
512199,Native Son
573501,Matt & Mou
457136,Mary Queen of Scots
527385,After the Wedding
458737,First Reformed
454227,Outlaw King
565740,Spiral Farm
565732,A Great Lamp
281338,War for the Planet of the Apes
286217,The Martian
565386,The Last Tree
433683,History of the First Kazakh Khans. The Diamond Sword
374720,Dunkirk
569891,Lavender
273481,Sicario
147441,Exodus: Gods and Kings
168259,Furious 7
438145,Black '47
264660,Ex Machina
324786,Hacksaw Ridge
120467,The Grand Budapest Hotel
429203,The Old Man & the Gun
254128,San Andreas
228150,Fury
312221,Creed
336050,Son of Saul
465914,If Beale Street Could Talk
565748,Demolition Girl
334543,Lion
553882,An Acceptable Loss
273248,The Hateful Eight
487670,The Death of Superman
399404,Darkest Hour
455980,Tag
398818,Call Me by Your Name
329865,Arrival
314365,Spotlight
489301,Possible Faces
417261,Forever My Girl
504592,Divine Love
346685,The Girl on the Train
49017,Dracula Untold
339103,Gotti
392044,Murder on the Orient Express
154400,The Drop
372058,Your Name.
419743,Disobedience
401905,Fahrenheit 451
302946,The Accountant
468362,The Angel
500919,211
570910,Thackeray
491622,Manikarnika
359940,Three Billboards Outside Ebbing, Missouri
396371,Molly's Game
472715,The Last Man
472734,Dumplin'
470229,Summer of 84
505192,Shoplifters
346672,Underworld: Blood Wars
553622,Ai Uta: Yakusoku no Nakuhito
449176,Love, Simon
460071,Lizzie
171274,Inherent Vice
510355,Share
489931,American Animals
517331,The Realm
451925,Time Freak
395841,Hold the Dark
391713,Lady Bird
446354,The Post
429351,12 Strong
513111,To the Stars
429415,Extinction
565373,Koko-di Koko-da
572680,Irupathiyonnaam Noottaandu
379149,The Foreigner
459910,Braven
169917,A Walk Among the Tombstones
565340,Ms. Purple
481117,The Brawler
517814,Capernaum
476292,Maquia: When the Promised Flower Blooms
278927,The Jungle Book
530442,My Teacher, My Obsession
389015,I, Tonya
290595,The Huntsman: Winter's War
412862,Ratsasan
313369,La La Land
340674,Dark Crimes
274857,King Arthur: Legend of the Sword
486947,The Guilty
400579,Tully
508763,A Dog's Way Home
296096,Me Before You
406997,Wonder
483184,Dogman
341735,The Seagull
315837,Ghost in the Shell
464502,Acrimony
454652,Colette
339380,On the Basis of Sex
318846,The Big Short
462919,Sierra Burgess Is a Loser
516716,Milly & Mamet
399905,Female War: A Nasty Deal
384680,Hostiles
503346,Occupation
395991,Only the Brave
429417,Ghost Stories
433498,Papillon
512263,Honey Boy
564359,Fuck You! It's Christmas, Bitches!
395990,Death Wish
395992,Life
465136,Every Day
295011,Patient Zero
296098,Bridge of Spies
419831,I Kill Giants
274479,Joy
418472,The Wild Pear Tree
365942,The Space Between Us
401847,Can You Ever Forgive Me?
406990,What Happened to Monday
86834,Noah
489927,The Kindergarten Teacher
489929,Destination Wedding
385448,The Little Mermaid
300671,13 Hours: The Secret Soldiers of Benghazi
333371,10 Cloverfield Lane
201088,Blackhat
491584,Burning
395834,Wind River
414191,Our House
381283,mother!
491472,At Eternity's Gate
220882,London Fields
507076,Climax
413362,Roman J. Israel, Esq.
437586,Mid90s
341174,Fifty Shades Darker
399170,Logan Lucky
283366,Miss Peregrine's Home for Peculiar Children
241554,Run All Night
446791,All the Money in the World
295964,Burnt
254320,The Lobster
274870,Passengers
300168,Dragon Blade
381284,Hidden Figures
534075,Super 30
443055,Love of My Life
339692,Shot Caller
489925,Eighth Grade
500852,Miss Bala
561362,Rust Creek
524348,The Report
124905,Godzilla
385360,Billionaire Boys Club
385332,Terminal
484297,Abe
307081,Southpaw
372343,The Snowman
400617,Phantom Thread
453201,The 15:17 to Paris
502682,Book Club
449924,Ip Man 4
398181,You Were Never Really Here
553833,Ashita Sekai ga Owaru to Shite mo
448776,A Prayer Before Dawn
572944,Suburban Daydream
491418,Instant Family
369523,The Tale
403119,47 Meters Down
301337,Downsizing
227156,The Giver
85350,Boyhood
53182,300: Rise of an Empire
289222,The Zookeeper's Wife
205587,The Judge
419478,Midnight Sun
426613,The Miseducation of Cameron Post
536176,Brexit: The Uncivil War
425972,Cargo
296524,Deepwater Horizon
339988,The Circle
555795,This Is Not Berlin
443463,Leave No Trace
167073,Brooklyn
564457,Verdi: Macbeth
572869,Well Done
525554,The Bouncer
340666,Nocturnal Animals
451877,I Think We're Alone Now
265208,Wild Card
414425,Mudbound
363676,Sully
388399,Patriots Day
518452,Like Father
483353,The Wolf Hour
522039,The Last Black Man in San Francisco
493551,Operation Finale
416477,The Big Sick
470878,I Can Only Imagine
293768,Kidnap
270487,Hail, Caesar!
266856,The Theory of Everything
222935,The Fault in Our Stars
496328,Sanju
347984,6 Days
396461,Under the Silver Lake
394117,The Florida Project
302156,Criminal
302401,Snowden
157353,Transcendence
511785,Alex Strangelove
547760,Canal Street
264999,Magic Mike XXL
467952,The Catcher Was a Spy
414001,The Mercy
458344,Juliet, Naked
407448,Detroit
429200,Good Time
370663,Below Her Mouth
565311,Imaginary Order
496274,The Thinning: New World Order
290512,The Mountain Between Us
306819,The Danish Girl
207932,Inferno
535308,Hala
330115,Ride
241239,A Most Violent Year
418827,Sister's Younger Husband
423646,In the Fade
399057,The Killing of a Sacred Deer
264644,Room
429195,Dark River
513574,Battle
538026,Thirudathey Papa Thirudathey
332567,The Shallows
137094,Jack Ryan: Shadow Recruit
